<odoo>
  <data noupdate="1">
    <record id="cron_import_bol_tickets" model="ir.cron">
      <field name="name">Importeer Bol.com Tickets</field>
      <field name="model_id" ref="model_bol_helpdesk_ticket_importer"/>
      <field name="state">code</field>
      <field name="code">model.import_bol_tickets()</field>
      <field name="interval_number">15</field>
      <field name="interval_type">minutes</field>
      <field name="numbercall">-1</field>
      <field name="active">True</field>
    </record>
  </data>
</odoo>
