<?xml version="1.0" encoding="utf-8"?>
<odoo>
    <data noupdate="1">
        <record id="ir_cron_bol_import_messages" model="ir.cron">
            <field name="name">Importeer bol.com Klantvragen</field>
            <field name="model_id" ref="model_bol_helpdesk_integration"/>
            <field name="state">code</field>
            <field name="code">model.import_bol_messages()</field>
            <field name="interval_number">30</field>
            <field name="interval_type">minutes</field>
            <field name="numbercall">-1</field>
            <field name="active">True</field>
        </record>
    </data>
</odoo>
